producto_id,nombre_producto,categoria,precio_base
0000000001,Producto_1,Ropa,172.87
0000000002,Producto_2,Ropa,392.52
0000000003,Producto_3,Ropa,94.29
0000000004,Producto_4,Abarrotes,370.64
0000000005,Producto_5,Abarrotes,51.53
0000000006,Producto_6,Electrónica,34.8
0000000007,Producto_7,Abarrotes,292.57
0000000008,Producto_8,Abarrotes,41.79
0000000009,Producto_9,Ropa,88.37
0000000010,Producto_10,Ropa,322.08
0000000011,Producto_11,Electrónica,166.41
0000000012,Producto_12,Hogar,431.35
0000000013,Producto_13,Ropa,476.67
0000000014,Producto_14,Ropa,72.02
0000000015,Producto_15,Salud,37.04
0000000016,Producto_16,Abarrotes,165.03
0000000017,Producto_17,Salud,143.8
0000000018,Producto_18,Ropa,144.52
0000000019,Producto_19,Salud,268.83
0000000020,Producto_20,Hogar,429.98
0000000021,Producto_21,Electrónica,128.87
0000000022,Producto_22,Abarrotes,215.64
0000000023,Producto_23,Salud,188.1
0000000024,Producto_24,Ropa,492.45
0000000025,Producto_25,Ropa,108.19
0000000026,Producto_26,Abarrotes,425.16
0000000027,Producto_27,Ropa,205.18
0000000028,Producto_28,Salud,314.65
0000000029,Producto_29,Hogar,419.73
0000000030,Producto_30,Abarrotes,310.57
0000000031,Producto_31,Abarrotes,299.57
0000000032,Producto_32,Salud,319.53
0000000033,Producto_33,Hogar,61.36
0000000034,Producto_34,Electrónica,126.37
0000000035,Producto_35,Electrónica,168.28
0000000036,Producto_36,Hogar,419.54
0000000037,Producto_37,Ropa,74.37
0000000038,Producto_38,Abarrotes,439.6
0000000039,Producto_39,Ropa,322.44
0000000040,Producto_40,Electrónica,462.96
0000000041,Producto_41,Salud,2291.38
0000000042,Producto_42,Electrónica,225.34
0000000043,Producto_43,Hogar,386.82
0000000044,Producto_44,Abarrotes,240.87
0000000045,Producto_45,Abarrotes,337.91
0000000046,Producto_46,Electrónica,63.21
0000000047,Producto_47,Electrónica,65.84
0000000048,Producto_48,Salud,2801.88
0000000049,Producto_49,Electrónica,288.42
0000000050,Producto_50,Salud,10.05
0000000051,Producto_51,Ropa,290.36
0000000052,Producto_52,Electrónica,305.31
0000000053,Producto_53,Electrónica,124.03
0000000054,Producto_54,Electrónica,238.85
0000000055,Producto_55,Salud,377.26
0000000056,Producto_56,Ropa,289.08
0000000057,Producto_57,Abarrotes,466.46
0000000058,Producto_58,Hogar,270.25
0000000059,Producto_59,Salud,147.5
0000000060,Producto_60,Hogar,422.96
0000000061,Producto_61,Hogar,385.27
0000000062,Producto_62,Ropa,155.19
0000000063,Producto_63,Ropa,442.19
0000000064,Producto_64,Salud,54.21
0000000065,Producto_65,Electrónica,386.0
0000000066,Producto_66,Ropa,188.71
0000000067,Producto_67,Ropa,42.46
0000000068,Producto_68,Abarrotes,435.84
0000000069,Producto_69,Hogar,77.2
0000000070,Producto_70,Hogar,93.67
0000000071,Producto_71,Ropa,210.2
0000000072,Producto_72,Ropa,159.07
0000000073,Producto_73,Electrónica,138.43
0000000074,Producto_74,Electrónica,290.18
0000000075,Producto_75,Ropa,451.0
0000000076,Producto_76,Salud,352.37
0000000077,Producto_77,Salud,185.35
0000000078,Producto_78,Ropa,16.86
0000000079,Producto_79,Ropa,188.86
0000000080,Producto_80,Salud,99.91
0000000081,Producto_81,Salud,383.93
0000000082,Producto_82,Electrónica,440.63
0000000083,Producto_83,Ropa,334.74
0000000084,Producto_84,Hogar,403.82
0000000085,Producto_85,Hogar,254.21
0000000086,Producto_86,Abarrotes,416.1
0000000087,Producto_87,Ropa,290.28
0000000088,Producto_88,Hogar,348.06
0000000089,Producto_89,Electrónica,464.85
0000000090,Producto_90,Abarrotes,461.39
0000000091,Producto_91,Electrónica,33.69
0000000092,Producto_92,Abarrotes,485.37
0000000093,Producto_93,Salud,277.84
0000000094,Producto_94,Electrónica,397.02
0000000095,Producto_95,Ropa,398.24
0000000096,Producto_96,Hogar,441.08
0000000097,Producto_97,Electrónica,309.48
0000000098,Producto_98,Electrónica,33.75
0000000099,Producto_99,Abarrotes,282.68
0000000100,Producto_100,Abarrotes,290.96
0000000101,Producto_101,Ropa,426.98
0000000102,Producto_102,Electrónica,411.21
0000000103,Producto_103,Hogar,58.94
0000000104,Producto_104,Hogar,7.73
0000000106,Producto_106,Ropa,5.38
0000000107,Producto_107,Ropa,107.3
0000000108,Producto_108,Abarrotes,351.6
0000000109,Producto_109,Ropa,357.72
0000000110,Producto_110,Abarrotes,101.47
0000000111,Producto_111,Hogar,435.12
0000000112,Producto_112,Ropa,480.18
0000000113,Producto_113,Hogar,59.26
0000000114,Producto_114,Abarrotes,303.12
0000000115,Producto_115,Abarrotes,390.68
0000000116,Producto_116,Abarrotes,134.81
0000000117,Producto_117,Salud,359.85
0000000118,Producto_118,Ropa,306.94
0000000119,Producto_119,Abarrotes,421.07
0000000120,Producto_120,Hogar,285.66
0000000121,Producto_121,Salud,34.89
0000000122,Producto_122,Hogar,405.47
0000000105,Producto_123,Salud,799.95
0000000124,Producto_124,Salud,425.05
0000000125,Producto_125,Ropa,353.9
0000000126,Producto_126,Salud,432.43
0000000127,Producto_127,Salud,80.13
0000000128,Producto_128,Abarrotes,213.01
0000000129,Producto_129,Hogar,489.98
0000000130,Producto_130,Abarrotes,262.43
0000000131,Producto_131,Electrónica,400.42
0000000132,Producto_132,Abarrotes,198.23
0000000133,Producto_133,Electrónica,468.15
0000000134,Producto_134,Salud,109.26
0000000136,Producto_136,Electrónica,45.96
0000000137,Producto_137,Abarrotes,163.81
0000000138,Producto_138,Abarrotes,322.42
0000000139,Producto_139,Electrónica,217.38
0000000140,Producto_140,Electrónica,129.27
0000000141,Producto_141,Abarrotes,364.52
0000000142,Producto_142,Abarrotes,293.84
0000000143,Producto_143,Ropa,52.48
0000000144,Producto_144,Hogar,57.5
0000000145,Producto_145,Ropa,283.05
0000000146,Producto_146,Salud,405.32
0000000147,Producto_147,Hogar,467.7
0000000148,Producto_148,Salud,49.08
0000000149,Producto_149,Salud,147.55
0000000150,Producto_150,Electrónica,111.8
0000000151,Producto_151,Electrónica,310.65
0000000152,Producto_152,Hogar,96.43
0000000123,Producto_153,Electrónica,814.77
0000000154,Producto_154,Electrónica,76.91
0000000155,Producto_155,Electrónica,213.82
0000000156,Producto_156,Abarrotes,77.86
0000000157,Producto_157,Salud,420.09
0000000158,Producto_158,Electrónica,120.1
0000000159,Producto_159,Salud,18.52
0000000160,Producto_160,Abarrotes,211.07
0000000161,Producto_161,Abarrotes,132.9
0000000162,Producto_162,Ropa,255.2
0000000163,Producto_163,Ropa,492.44
0000000164,Producto_164,Abarrotes,407.28
0000000165,Producto_165,Hogar,226.06
0000000166,Producto_166,Salud,318.04
0000000167,Producto_167,Ropa,58.8
0000000169,Producto_169,Abarrotes,87.81
0000000170,Producto_170,Ropa,351.0
0000000171,Producto_171,Hogar,134.7
0000000172,Producto_172,Ropa,330.94
0000000173,Producto_173,Electrónica,311.14
0000000174,Producto_174,Ropa,417.82
0000000175,Producto_175,Salud,197.55
0000000176,Producto_176,Salud,410.17
0000000177,Producto_177,Ropa,72.68
0000000178,Producto_178,Salud,314.54
0000000179,Producto_179,Salud,310.56
0000000180,Producto_180,Salud,121.71
0000000181,Producto_181,Electrónica,256.52
0000000182,Producto_182,Abarrotes,41.47
0000000183,Producto_183,Salud,400.4
0000000185,Producto_185,Abarrotes,278.9
0000000186,Producto_186,Abarrotes,56.71
0000000187,Producto_187,Electrónica,91.7
0000000188,Producto_188,Ropa,477.58
0000000189,Producto_189,Hogar,340.24
0000000190,Producto_190,Ropa,387.45
0000000191,Producto_191,Abarrotes,371.44
0000000192,Producto_192,Electrónica,110.49
0000000193,Producto_193,Abarrotes,409.95
0000000194,Producto_194,Ropa,123.24
0000000195,Producto_195,Ropa,359.37
0000000196,Producto_196,Electrónica,104.36
0000000197,Producto_197,Abarrotes,202.22
0000000198,Producto_198,Electrónica,405.61
0000000199,Producto_199,Ropa,90.42
0000000200,Producto_200,Abarrotes,315.85
0000000201,Producto_201,Hogar,176.58
0000000202,Producto_202,Salud,499.13
0000000203,Producto_203,Abarrotes,40.32
0000000204,Producto_204,Abarrotes,155.83
0000000205,Producto_205,Electrónica,352.89
0000000206,Producto_206,Electrónica,93.6
0000000207,Producto_207,Hogar,149.85
0000000208,Producto_208,Abarrotes,475.63
0000000209,Producto_209,Salud,472.44
0000000210,Producto_210,Salud,8.21
0000000211,Producto_211,Abarrotes,483.22
0000000212,Producto_212,Ropa,412.17
0000000213,Producto_213,Salud,405.18
0000000214,Producto_214,Electrónica,235.75
0000000215,Producto_215,Ropa,323.36
0000000216,Producto_216,Ropa,213.66
0000000217,Producto_217,Ropa,300.0
0000000218,Producto_218,Salud,420.15
0000000219,Producto_219,Hogar,17.69
0000000220,Producto_220,Abarrotes,361.06
0000000221,Producto_221,Abarrotes,258.95
0000000222,Producto_222,Abarrotes,354.84
0000000223,Producto_223,Abarrotes,275.64
0000000224,Producto_224,Salud,12.56
0000000225,Producto_225,Salud,248.89
0000000226,Producto_226,Ropa,103.74
0000000227,Producto_227,Abarrotes,52.16
0000000228,Producto_228,Salud,426.46
0000000229,Producto_229,Salud,344.37
0000000230,Producto_230,Salud,48.33
0000000231,Producto_231,Electrónica,297.94
0000000232,Producto_232,Hogar,213.69
0000000233,Producto_233,Abarrotes,386.51
0000000234,Producto_234,Salud,375.05
0000000235,Producto_235,Salud,74.69
0000000236,Producto_236,Electrónica,307.16
0000000237,Producto_237,Hogar,340.19
0000000238,Producto_238,Hogar,64.35
0000000239,Producto_239,Electrónica,302.39
0000000241,Producto_241,Ropa,147.7
0000000242,Producto_242,Salud,386.92
0000000243,Producto_243,Ropa,474.86
0000000244,Producto_244,Salud,498.53
0000000245,Producto_245,Salud,230.46
0000000246,Producto_246,Ropa,160.39
0000000247,Producto_247,Abarrotes,8.43
0000000248,Producto_248,Hogar,136.22
0000000249,Producto_249,Salud,362.46
0000000250,Producto_250,Abarrotes,355.98
0000000251,Producto_251,Hogar,480.04
0000000252,Producto_252,Salud,134.2
0000000254,Producto_254,Abarrotes,53.9
0000000255,Producto_255,Ropa,428.79
0000000256,Producto_256,Ropa,229.55
0000000257,Producto_257,Ropa,64.12
0000000258,Producto_258,Ropa,270.05
0000000259,Producto_259,Salud,188.43
0000000260,Producto_260,Salud,9.67
0000000261,Producto_261,Salud,316.84
0000000262,Producto_262,Hogar,58.74
0000000263,Producto_263,Hogar,299.97
0000000264,Producto_264,Electrónica,170.15
0000000265,Producto_265,Abarrotes,28.63
0000000266,Producto_266,Ropa,147.97
0000000267,Producto_267,Electrónica,347.79
0000000268,Producto_268,Abarrotes,119.25
0000000269,Producto_269,Electrónica,362.29
0000000270,Producto_270,Abarrotes,187.91
0000000271,Producto_271,Abarrotes,186.32
0000000272,Producto_272,Salud,209.29
0000000273,Producto_273,Abarrotes,391.0
0000000274,Producto_274,Hogar,245.32
0000000275,Producto_275,Salud,497.37
0000000276,Producto_276,Salud,260.36
0000000277,Producto_277,Electrónica,106.7
0000000278,Producto_278,Abarrotes,397.54
0000000279,Producto_279,Abarrotes,322.29
0000000280,Producto_280,Salud,152.35
0000000281,Producto_281,Hogar,216.4
0000000282,Producto_282,Electrónica,220.82
0000000283,Producto_283,Hogar,384.68
0000000284,Producto_284,Electrónica,75.81
0000000285,Producto_285,Abarrotes,171.79
0000000286,Producto_286,Electrónica,369.97
0000000287,Producto_287,Salud,238.46
0000000288,Producto_288,Abarrotes,344.55
0000000289,Producto_289,Ropa,313.16
0000000290,Producto_290,Hogar,251.15
0000000291,Producto_291,Abarrotes,277.92
0000000292,Producto_292,Electrónica,237.97
0000000293,Producto_293,Salud,96.18
0000000294,Producto_294,Abarrotes,378.4
0000000295,Producto_295,Abarrotes,141.62
0000000296,Producto_296,Ropa,393.54
0000000297,Producto_297,Abarrotes,46.8
0000000298,Producto_298,Electrónica,243.66
0000000299,Producto_299,Ropa,305.6
0000000300,Producto_300,Salud,67.52
0000000301,Producto_301,Electrónica,35.36
0000000302,Producto_302,Ropa,114.25
0000000303,Producto_303,Salud,398.9
0000000304,Producto_304,Electrónica,290.17
0000000305,Producto_305,Salud,20.64
0000000306,Producto_306,Salud,430.42
0000000307,Producto_307,Ropa,132.17
0000000308,Producto_308,Abarrotes,162.93
0000000309,Producto_309,Salud,112.45
0000000310,Producto_310,Electrónica,471.56
0000000311,Producto_311,Electrónica,31.61
0000000312,Producto_312,Ropa,157.04
0000000313,Producto_313,Hogar,331.06
0000000314,Producto_314,Hogar,436.82
0000000315,Producto_315,Ropa,154.43
0000000316,Producto_316,Hogar,315.64
0000000317,Producto_317,Electrónica,478.49
0000000318,Producto_318,Ropa,15.4
0000000319,Producto_319,Abarrotes,370.49
0000000320,Producto_320,Abarrotes,492.2
0000000321,Producto_321,Hogar,186.89
0000000322,Producto_322,Salud,322.27
0000000323,Producto_323,Salud,175.95
0000000324,Producto_324,Abarrotes,65.07
0000000325,Producto_325,Abarrotes,495.59
0000000326,Producto_326,Hogar,42.38
0000000327,Producto_327,Ropa,43.54
0000000328,Producto_328,Electrónica,418.22
0000000329,Producto_329,Salud,203.34
0000000330,Producto_330,Salud,48.14
0000000331,Producto_331,Hogar,387.7
0000000332,Producto_332,Abarrotes,392.76
0000000333,Producto_333,Abarrotes,105.92
0000000334,Producto_334,Electrónica,157.85
0000000335,Producto_335,Abarrotes,121.48
0000000336,Producto_336,Abarrotes,482.13
0000000337,Producto_337,Electrónica,372.01
0000000338,Producto_338,Electrónica,487.51
0000000339,Producto_339,Ropa,287.65
0000000340,Producto_340,Ropa,309.57
0000000341,Producto_341,Salud,343.57
0000000342,Producto_342,Electrónica,319.81
0000000343,Producto_343,Hogar,183.22
0000000344,Producto_344,Electrónica,76.01
0000000345,Producto_345,Ropa,416.47
0000000346,Producto_346,Hogar,204.45
0000000347,Producto_347,Ropa,238.89
0000000348,Producto_348,Abarrotes,91.63
0000000349,Producto_349,Electrónica,51.11
0000000350,Producto_350,Ropa,485.87
0000000351,Producto_351,Salud,467.1
0000000352,Producto_352,Electrónica,266.89
0000000353,Producto_353,Abarrotes,7.64
0000000354,Producto_354,Abarrotes,119.57
0000000355,Producto_355,Electrónica,401.05
0000000356,Producto_356,Hogar,202.33
0000000357,Producto_357,Electrónica,337.84
0000000358,Producto_358,Salud,464.68
0000000359,Producto_359,Abarrotes,376.11
0000000360,Producto_360,Abarrotes,10.76
0000000361,Producto_361,Hogar,242.75
0000000362,Producto_362,Abarrotes,218.3
0000000363,Producto_363,Abarrotes,111.09
0000000364,Producto_364,Electrónica,485.6
0000000365,Producto_365,Ropa,338.89
0000000366,Producto_366,Hogar,365.17
0000000367,Producto_367,Ropa,170.82
0000000368,Producto_368,Abarrotes,76.58
0000000369,Producto_369,Ropa,487.75
0000000370,Producto_370,Abarrotes,383.17
0000000371,Producto_371,Ropa,264.8
0000000372,Producto_372,Ropa,172.33
0000000373,Producto_373,Ropa,34.97
0000000374,Producto_374,Abarrotes,231.78
0000000375,Producto_375,Electrónica,132.03
0000000376,Producto_376,Salud,209.76
0000000377,Producto_377,Hogar,390.71
0000000378,Producto_378,Hogar,257.78
0000000379,Producto_379,Abarrotes,390.43
0000000380,Producto_380,Hogar,243.19
0000000381,Producto_381,Ropa,388.29
0000000382,Producto_382,Electrónica,440.25
0000000383,Producto_383,Abarrotes,215.74
0000000384,Producto_384,Electrónica,134.75
0000000385,Producto_385,Salud,152.72
0000000386,Producto_386,Electrónica,22.74
0000000387,Producto_387,Abarrotes,268.63
0000000388,Producto_388,Ropa,122.94
0000000389,Producto_389,Salud,290.9
0000000390,Producto_390,Salud,30.91
0000000391,Producto_391,Ropa,149.7
0000000392,Producto_392,Abarrotes,371.5
0000000393,Producto_393,Abarrotes,305.9
0000000394,Producto_394,Electrónica,71.11
0000000395,Producto_395,Electrónica,56.53
0000000396,Producto_396,Salud,498.62
0000000397,Producto_397,Salud,319.23
0000000398,Producto_398,Abarrotes,225.37
0000000399,Producto_399,Hogar,496.64
0000000400,Producto_400,Hogar,439.43
0000000401,Producto_401,Hogar,231.12
0000000402,Producto_402,Salud,65.77
0000000403,Producto_403,Salud,395.28
0000000404,Producto_404,Electrónica,474.87
0000000405,Producto_405,Hogar,298.63
0000000406,Producto_406,Ropa,451.74
0000000407,Producto_407,Electrónica,49.42
0000000408,Producto_408,Ropa,148.46
0000000135,Producto_410,Salud,991.34
0000000411,Producto_411,Ropa,227.61
0000000412,Producto_412,Ropa,181.6
0000000413,Producto_413,Hogar,431.68
0000000414,Producto_414,Electrónica,45.46
0000000415,Producto_415,Hogar,15.14
0000000416,Producto_416,Abarrotes,324.31
0000000417,Producto_417,Salud,425.42
0000000418,Producto_418,Ropa,209.89
0000000419,Producto_419,Salud,131.76
0000000420,Producto_420,Electrónica,451.21
0000000421,Producto_421,Electrónica,132.86
0000000422,Producto_422,Salud,76.65
0000000423,Producto_423,Abarrotes,287.72
0000000424,Producto_424,Electrónica,388.16
0000000425,Producto_425,Electrónica,379.14
0000000426,Producto_426,Abarrotes,130.78
0000000427,Producto_427,Ropa,484.21
0000000428,Producto_428,Salud,318.22
0000000429,Producto_429,Abarrotes,474.9
0000000431,Producto_431,Electrónica,56.05
0000000432,Producto_432,Abarrotes,257.52
0000000433,Producto_433,Ropa,188.63
0000000434,Producto_434,Electrónica,265.67
0000000435,Producto_435,Ropa,350.75
0000000436,Producto_436,Hogar,70.39
0000000437,Producto_437,Electrónica,47.28
0000000438,Producto_438,Abarrotes,108.91
0000000439,Producto_439,Hogar,343.91
0000000440,Producto_440,Salud,332.55
0000000441,Producto_441,Salud,218.26
0000000443,Producto_443,Ropa,367.24
0000000445,Producto_445,Abarrotes,265.44
0000000446,Producto_446,Salud,162.24
0000000447,Producto_447,Salud,11.31
0000000448,Producto_448,Electrónica,265.59
0000000449,Producto_449,Ropa,59.62
0000000450,Producto_450,Electrónica,492.03
0000000451,Producto_451,Ropa,247.59
0000000452,Producto_452,Electrónica,269.57
0000000453,Producto_453,Abarrotes,400.88
0000000454,Producto_454,Ropa,493.09
0000000455,Producto_455,Salud,347.05
0000000456,Producto_456,Ropa,45.56
0000000457,Producto_457,Abarrotes,429.16
0000000458,Producto_458,Abarrotes,93.42
0000000459,Producto_459,Hogar,84.35
0000000460,Producto_460,Ropa,444.26
0000000461,Producto_461,Abarrotes,256.17
0000000462,Producto_462,Salud,150.18
0000000463,Producto_463,Salud,99.37
0000000464,Producto_464,Abarrotes,157.6
0000000465,Producto_465,Abarrotes,344.79
0000000466,Producto_466,Salud,323.32
0000000467,Producto_467,Electrónica,276.31
0000000468,Producto_468,Electrónica,160.4
0000000469,Producto_469,Salud,438.34
0000000470,Producto_470,Ropa,52.18
0000000471,Producto_471,Hogar,33.22
0000000472,Producto_472,Salud,472.28
0000000473,Producto_473,Electrónica,145.05
0000000474,Producto_474,Ropa,184.11
0000000475,Producto_475,Electrónica,296.33
0000000476,Producto_476,Ropa,69.74
0000000477,Producto_477,Ropa,460.27
0000000478,Producto_478,Hogar,103.95
0000000479,Producto_479,Abarrotes,378.56
0000000480,Producto_480,Ropa,414.83
0000000481,Producto_481,Ropa,333.43
0000000482,Producto_482,Hogar,430.82
0000000483,Producto_483,Salud,130.45
0000000484,Producto_484,Salud,412.1
0000000485,Producto_485,Electrónica,258.98
0000000486,Producto_486,Electrónica,313.36
0000000487,Producto_487,Ropa,368.02
0000000488,Producto_488,Abarrotes,494.85
0000000489,Producto_489,Hogar,352.84
0000000490,Producto_490,Salud,319.63
0000000491,Producto_491,Ropa,450.82
0000000492,Producto_492,Abarrotes,48.65
0000000493,Producto_493,Abarrotes,337.81
0000000494,Producto_494,Abarrotes,93.83
0000000495,Producto_495,Hogar,390.09
0000000496,Producto_496,Salud,369.17
0000000497,Producto_497,Electrónica,51.86
0000000498,Producto_498,Salud,499.3
0000000499,Producto_499,Ropa,108.52
0000000500,Producto_500,Hogar,76.65
0000000501,Producto_501,Electrónica,112.23
0000000502,Producto_502,Ropa,305.66
0000000503,Producto_503,Ropa,267.99
0000000504,Producto_504,Salud,186.18
0000000505,Producto_505,Electrónica,202.28
0000000506,Producto_506,Abarrotes,63.18
0000000507,Producto_507,Salud,174.8
0000000508,Producto_508,Ropa,95.59
0000000509,Producto_509,Electrónica,215.04
0000000510,Producto_510,Abarrotes,205.36
0000000511,Producto_511,Salud,477.94
0000000512,Producto_512,Ropa,132.12
0000000513,Producto_513,Hogar,315.74
0000000514,Producto_514,Salud,283.8
0000000515,Producto_515,Salud,37.68
0000000516,Producto_516,Ropa,435.73
0000000517,Producto_517,Electrónica,442.36
0000000518,Producto_518,Abarrotes,218.98
0000000519,Producto_519,Ropa,316.19
0000000520,Producto_520,Salud,402.27
0000000521,Producto_521,Electrónica,190.58
0000000522,Producto_522,Ropa,74.19
0000000523,Producto_523,Electrónica,214.71
0000000524,Producto_524,Hogar,324.59
0000000525,Producto_525,Ropa,21.0
0000000526,Producto_526,Ropa,410.3
0000000527,Producto_527,Salud,427.2
0000000528,Producto_528,Hogar,105.14
0000000529,Producto_529,Abarrotes,467.51
0000000530,Producto_530,Salud,95.72
0000000531,Producto_531,Electrónica,286.24
0000000532,Producto_532,Abarrotes,237.44
0000000533,Producto_533,Abarrotes,343.29
0000000153,Producto_534,Electrónica,3141.9
0000000535,Producto_535,Hogar,460.92
0000000536,Producto_536,Hogar,225.71
0000000537,Producto_537,Electrónica,114.8
0000000538,Producto_538,Salud,245.49
0000000539,Producto_539,Salud,466.64
0000000540,Producto_540,Electrónica,359.73
0000000541,Producto_541,Electrónica,344.73
0000000542,Producto_542,Electrónica,26.21
0000000543,Producto_543,Hogar,298.2
0000000544,Producto_544,Electrónica,115.48
0000000545,Producto_545,Electrónica,89.5
0000000546,Producto_546,Abarrotes,354.83
0000000547,Producto_547,Hogar,464.18
0000000548,Producto_548,Salud,139.64
0000000549,Producto_549,Salud,390.72
0000000550,Producto_550,Electrónica,50.58
0000000551,Producto_551,Salud,277.82
0000000552,Producto_552,Ropa,224.25
0000000553,Producto_553,Hogar,27.76
0000000554,Producto_554,Electrónica,459.78
0000000555,Producto_555,Hogar,147.59
0000000556,Producto_556,Electrónica,314.66
0000000557,Producto_557,Salud,145.97
0000000558,Producto_558,Hogar,10.68
0000000559,Producto_559,Hogar,428.2
0000000560,Producto_560,Hogar,97.08
0000000561,Producto_561,Hogar,321.45
0000000562,Producto_562,Hogar,170.68
0000000563,Producto_563,Hogar,158.48
0000000564,Producto_564,Ropa,38.31
0000000565,Producto_565,Electrónica,189.95
0000000566,Producto_566,Hogar,204.75
0000000567,Producto_567,Hogar,37.73
0000000569,Producto_569,Abarrotes,289.11
0000000571,Producto_571,Electrónica,208.28
0000000572,Producto_572,Hogar,87.07
0000000573,Producto_573,Abarrotes,491.17
0000000574,Producto_574,Ropa,83.17
0000000575,Producto_575,Electrónica,215.23
0000000576,Producto_576,Ropa,67.12
0000000577,Producto_577,Ropa,292.5
0000000578,Producto_578,Hogar,172.43
0000000579,Producto_579,Salud,245.86
0000000580,Producto_580,Ropa,114.84
0000000581,Producto_581,Hogar,395.36
0000000582,Producto_582,Hogar,197.28
0000000583,Producto_583,Abarrotes,180.33
0000000584,Producto_584,Salud,340.68
0000000585,Producto_585,Salud,481.65
0000000586,Producto_586,Electrónica,166.57
0000000587,Producto_587,Ropa,433.86
0000000588,Producto_588,Electrónica,404.04
0000000589,Producto_589,Abarrotes,369.21
0000000590,Producto_590,Ropa,290.63
0000000591,Producto_591,Electrónica,132.19
0000000592,Producto_592,Electrónica,377.68
0000000593,Producto_593,Ropa,475.58
0000000594,Producto_594,Salud,294.85
0000000595,Producto_595,Ropa,320.98
0000000596,Producto_596,Abarrotes,317.37
0000000597,Producto_597,Salud,88.71
0000000598,Producto_598,Electrónica,390.63
0000000599,Producto_599,Hogar,134.83
0000000600,Producto_600,Ropa,275.2
0000000601,Producto_601,Hogar,451.73
0000000602,Producto_602,Salud,485.43
0000000603,Producto_603,Abarrotes,301.51
0000000604,Producto_604,Electrónica,99.35
0000000605,Producto_605,Ropa,431.29
0000000606,Producto_606,Ropa,219.4
0000000607,Producto_607,Ropa,330.16
0000000608,Producto_608,Abarrotes,388.4
0000000609,Producto_609,Hogar,313.72
0000000610,Producto_610,Abarrotes,307.19
0000000611,Producto_611,Hogar,484.94
0000000612,Producto_612,Electrónica,87.08
0000000613,Producto_613,Ropa,415.3
0000000614,Producto_614,Abarrotes,424.4
0000000615,Producto_615,Salud,37.89
0000000616,Producto_616,Abarrotes,152.86
0000000617,Producto_617,Hogar,499.86
0000000618,Producto_618,Salud,491.85
0000000619,Producto_619,Ropa,441.52
0000000620,Producto_620,Hogar,52.44
0000000621,Producto_621,Salud,21.32
0000000622,Producto_622,Ropa,338.77
0000000623,Producto_623,Abarrotes,27.3
0000000624,Producto_624,Ropa,353.1
0000000625,Producto_625,Hogar,52.15
0000000626,Producto_626,Abarrotes,261.93
0000000627,Producto_627,Ropa,470.43
0000000628,Producto_628,Salud,462.38
0000000629,Producto_629,Abarrotes,254.81
0000000630,Producto_630,Ropa,147.59
0000000631,Producto_631,Salud,171.35
0000000632,Producto_632,Salud,265.38
0000000633,Producto_633,Abarrotes,6.88
0000000634,Producto_634,Ropa,168.62
0000000635,Producto_635,Hogar,72.71
0000000636,Producto_636,Salud,410.04
0000000637,Producto_637,Abarrotes,341.09
0000000638,Producto_638,Abarrotes,253.8
0000000639,Producto_639,Ropa,309.97
0000000640,Producto_640,Electrónica,139.54
0000000641,Producto_641,Abarrotes,479.47
0000000642,Producto_642,Salud,362.33
0000000643,Producto_643,Ropa,215.22
0000000644,Producto_644,Abarrotes,123.94
0000000645,Producto_645,Abarrotes,90.68
0000000646,Producto_646,Abarrotes,233.52
0000000648,Producto_648,Hogar,67.84
0000000649,Producto_649,Abarrotes,456.2
0000000650,Producto_650,Electrónica,329.65
0000000651,Producto_651,Abarrotes,310.12
0000000652,Producto_652,Electrónica,481.55
0000000653,Producto_653,Salud,433.97
0000000654,Producto_654,Salud,239.21
0000000655,Producto_655,Electrónica,415.22
0000000656,Producto_656,Hogar,368.27
0000000657,Producto_657,Salud,96.27
0000000658,Producto_658,Salud,389.91
0000000659,Producto_659,Salud,132.02
0000000660,Producto_660,Ropa,282.07
0000000661,Producto_661,Electrónica,371.96
0000000662,Producto_662,Abarrotes,211.2
0000000663,Producto_663,Ropa,183.25
0000000664,Producto_664,Salud,144.67
0000000665,Producto_665,Hogar,112.12
0000000666,Producto_666,Electrónica,294.97
0000000667,Producto_667,Abarrotes,84.2
0000000668,Producto_668,Electrónica,161.43
0000000669,Producto_669,Salud,260.66
0000000670,Producto_670,Hogar,237.22
0000000671,Producto_671,Salud,277.7
0000000672,Producto_672,Hogar,406.05
0000000673,Producto_673,Electrónica,100.38
0000000674,Producto_674,Hogar,87.64
0000000675,Producto_675,Hogar,493.36
0000000676,Producto_676,Electrónica,392.73
0000000677,Producto_677,Ropa,471.73
0000000678,Producto_678,Electrónica,40.85
0000000679,Producto_679,Electrónica,134.42
0000000680,Producto_680,Abarrotes,374.81
0000000681,Producto_681,Electrónica,436.75
0000000682,Producto_682,Salud,165.84
0000000683,Producto_683,Ropa,39.99
0000000684,Producto_684,Ropa,52.27
0000000685,Producto_685,Electrónica,12.53
0000000686,Producto_686,Ropa,289.76
0000000687,Producto_687,Electrónica,370.89
0000000688,Producto_688,Abarrotes,400.63
0000000689,Producto_689,Abarrotes,476.41
0000000690,Producto_690,Electrónica,306.54
0000000691,Producto_691,Abarrotes,328.11
0000000692,Producto_692,Salud,349.84
0000000168,Producto_693,Salud,1255.71
0000000694,Producto_694,Salud,441.94
0000000695,Producto_695,Ropa,195.59
0000000696,Producto_696,Salud,118.93
0000000697,Producto_697,Salud,437.74
0000000698,Producto_698,Electrónica,292.05
0000000699,Producto_699,Hogar,499.06
0000000700,Producto_700,Salud,202.84
0000000701,Producto_701,Electrónica,361.05
0000000702,Producto_702,Electrónica,59.99
0000000703,Producto_703,Ropa,339.89
0000000704,Producto_704,Hogar,44.88
0000000705,Producto_705,Hogar,199.07
0000000706,Producto_706,Hogar,167.01
0000000707,Producto_707,Electrónica,131.58
0000000708,Producto_708,Electrónica,160.51
0000000709,Producto_709,Electrónica,460.8
0000000710,Producto_710,Hogar,125.85
0000000711,Producto_711,Abarrotes,392.98
0000000712,Producto_712,Salud,64.21
0000000713,Producto_713,Electrónica,402.47
0000000714,Producto_714,Salud,100.74
0000000715,Producto_715,Electrónica,145.55
0000000716,Producto_716,Hogar,249.82
0000000717,Producto_717,Electrónica,432.63
0000000718,Producto_718,Hogar,203.42
0000000719,Producto_719,Abarrotes,341.16
0000000720,Producto_720,Ropa,288.52
0000000721,Producto_721,Abarrotes,188.18
0000000722,Producto_722,Hogar,148.5
0000000723,Producto_723,Salud,257.17
0000000724,Producto_724,Ropa,497.49
0000000725,Producto_725,Salud,79.43
0000000726,Producto_726,Abarrotes,403.99
0000000727,Producto_727,Abarrotes,12.06
0000000728,Producto_728,Abarrotes,353.69
0000000729,Producto_729,Hogar,22.63
0000000730,Producto_730,Hogar,179.68
0000000731,Producto_731,Abarrotes,177.41
0000000184,Producto_732,Salud,2240.31
0000000733,Producto_733,Abarrotes,138.55
0000000734,Producto_734,Abarrotes,467.16
0000000735,Producto_735,Abarrotes,181.93
0000000736,Producto_736,Hogar,195.27
0000000737,Producto_737,Electrónica,283.65
0000000738,Producto_738,Ropa,63.11
0000000740,Producto_740,Hogar,448.35
0000000741,Producto_741,Electrónica,352.95
0000000742,Producto_742,Ropa,339.4
0000000743,Producto_743,Abarrotes,254.88
0000000744,Producto_744,Salud,300.43
0000000745,Producto_745,Ropa,24.18
0000000746,Producto_746,Abarrotes,433.77
0000000747,Producto_747,Salud,84.95
0000000748,Producto_748,Hogar,438.31
0000000749,Producto_749,Electrónica,344.08
0000000750,Producto_750,Hogar,247.53
0000000751,Producto_751,Salud,70.64
0000000752,Producto_752,Electrónica,485.5
0000000753,Producto_753,Abarrotes,158.01
0000000754,Producto_754,Salud,404.89
0000000755,Producto_755,Ropa,377.34
0000000756,Producto_756,Hogar,429.48
0000000757,Producto_757,Electrónica,372.52
0000000759,Producto_759,Electrónica,75.12
0000000761,Producto_761,Electrónica,154.18
0000000762,Producto_762,Abarrotes,420.29
0000000763,Producto_763,Ropa,104.7
0000000764,Producto_764,Ropa,379.03
0000000765,Producto_765,Electrónica,32.98
0000000766,Producto_766,Electrónica,204.2
0000000767,Producto_767,Hogar,297.11
0000000768,Producto_768,Hogar,331.43
0000000769,Producto_769,Electrónica,71.24
0000000770,Producto_770,Abarrotes,415.09
0000000771,Producto_771,Abarrotes,302.05
0000000772,Producto_772,Abarrotes,165.02
0000000773,Producto_773,Abarrotes,414.56
0000000774,Producto_774,Salud,313.17
0000000775,Producto_775,Electrónica,125.45
0000000776,Producto_776,Abarrotes,372.51
0000000777,Producto_777,Ropa,447.34
0000000778,Producto_778,Abarrotes,479.87
0000000779,Producto_779,Salud,10.27
0000000780,Producto_780,Electrónica,404.38
0000000781,Producto_781,Ropa,150.29
0000000782,Producto_782,Hogar,490.72
0000000783,Producto_783,Salud,266.9
0000000784,Producto_784,Ropa,283.64
0000000785,Producto_785,Abarrotes,174.31
0000000786,Producto_786,Electrónica,77.89
0000000787,Producto_787,Abarrotes,54.05
0000000788,Producto_788,Electrónica,83.67
0000000789,Producto_789,Abarrotes,473.6
0000000790,Producto_790,Electrónica,136.46
0000000791,Producto_791,Salud,14.5
0000000792,Producto_792,Abarrotes,26.71
0000000793,Producto_793,Salud,194.41
0000000794,Producto_794,Electrónica,70.84
0000000795,Producto_795,Salud,239.45
0000000796,Producto_796,Abarrotes,178.47
0000000797,Producto_797,Abarrotes,421.26
0000000798,Producto_798,Hogar,25.45
0000000799,Producto_799,Salud,290.81
0000000800,Producto_800,Ropa,295.4
0000000801,Producto_801,Abarrotes,159.59
0000000802,Producto_802,Electrónica,27.91
0000000803,Producto_803,Abarrotes,475.28
0000000804,Producto_804,Salud,113.68
0000000805,Producto_805,Hogar,450.15
0000000806,Producto_806,Salud,310.7
0000000807,Producto_807,Abarrotes,50.57
0000000808,Producto_808,Abarrotes,64.01
0000000809,Producto_809,Abarrotes,64.29
0000000810,Producto_810,Salud,181.58
0000000811,Producto_811,Abarrotes,430.73
0000000812,Producto_812,Ropa,111.51
0000000813,Producto_813,Salud,283.71
0000000814,Producto_814,Electrónica,468.76
0000000815,Producto_815,Hogar,415.14
0000000816,Producto_816,Abarrotes,318.78
0000000817,Producto_817,Salud,100.49
0000000818,Producto_818,Hogar,454.39
0000000819,Producto_819,Ropa,235.15
0000000820,Producto_820,Electrónica,86.36
0000000821,Producto_821,Abarrotes,311.69
0000000822,Producto_822,Salud,404.09
0000000823,Producto_823,Abarrotes,432.38
0000000824,Producto_824,Ropa,244.86
0000000825,Producto_825,Ropa,287.85
0000000826,Producto_826,Ropa,79.78
0000000827,Producto_827,Abarrotes,408.21
0000000828,Producto_828,Hogar,119.34
0000000829,Producto_829,Abarrotes,364.03
0000000830,Producto_830,Hogar,5.82
0000000831,Producto_831,Electrónica,274.09
0000000832,Producto_832,Ropa,259.43
0000000834,Producto_834,Hogar,74.97
0000000835,Producto_835,Abarrotes,158.61
0000000836,Producto_836,Hogar,385.86
0000000837,Producto_837,Salud,205.39
0000000838,Producto_838,Hogar,121.61
0000000839,Producto_839,Salud,399.74
0000000840,Producto_840,Electrónica,94.51
0000000841,Producto_841,Salud,301.42
0000000842,Producto_842,Hogar,59.59
0000000843,Producto_843,Electrónica,274.84
0000000844,Producto_844,Abarrotes,410.53
0000000845,Producto_845,Hogar,261.56
0000000846,Producto_846,Hogar,202.81
0000000847,Producto_847,Salud,306.46
0000000848,Producto_848,Salud,88.69
0000000849,Producto_849,Electrónica,132.82
0000000850,Producto_850,Salud,206.59
0000000851,Producto_851,Electrónica,38.12
0000000852,Producto_852,Ropa,366.54
0000000853,Producto_853,Ropa,300.8
0000000854,Producto_854,Hogar,226.82
0000000855,Producto_855,Electrónica,497.97
0000000856,Producto_856,Hogar,314.6
0000000857,Producto_857,Hogar,476.93
0000000858,Producto_858,Hogar,119.67
0000000859,Producto_859,Salud,104.18
0000000860,Producto_860,Abarrotes,40.79
0000000861,Producto_861,Hogar,335.93
0000000862,Producto_862,Salud,476.6
0000000863,Producto_863,Abarrotes,344.9
0000000864,Producto_864,Salud,147.5
0000000865,Producto_865,Ropa,133.45
0000000866,Producto_866,Electrónica,170.32
0000000867,Producto_867,Ropa,261.69
0000000868,Producto_868,Abarrotes,319.36
0000000869,Producto_869,Ropa,332.86
0000000870,Producto_870,Electrónica,84.5
0000000871,Producto_871,Hogar,113.84
0000000872,Producto_872,Salud,67.42
0000000873,Producto_873,Ropa,368.52
0000000874,Producto_874,Abarrotes,417.11
0000000875,Producto_875,Hogar,39.96
0000000876,Producto_876,Hogar,259.75
0000000877,Producto_877,Electrónica,454.46
0000000878,Producto_878,Ropa,467.91
0000000879,Producto_879,Ropa,26.71
0000000880,Producto_880,Salud,52.99
0000000881,Producto_881,Salud,272.16
0000000882,Producto_882,Hogar,312.83
0000000883,Producto_883,Salud,423.53
0000000884,Producto_884,Ropa,18.75
0000000885,Producto_885,Electrónica,126.6
0000000886,Producto_886,Ropa,177.84
0000000887,Producto_887,Salud,352.05
0000000888,Producto_888,Abarrotes,366.4
0000000889,Producto_889,Hogar,28.75
0000000890,Producto_890,Abarrotes,94.3
0000000891,Producto_891,Ropa,332.52
0000000892,Producto_892,Abarrotes,232.59
0000000893,Producto_893,Hogar,166.38
0000000894,Producto_894,Electrónica,263.63
0000000895,Producto_895,Salud,305.92
0000000896,Producto_896,Ropa,61.58
0000000897,Producto_897,Ropa,436.71
0000000898,Producto_898,Hogar,389.33
0000000899,Producto_899,Hogar,254.9
0000000900,Producto_900,Salud,109.92
0000000901,Producto_901,Salud,176.56
0000000902,Producto_902,Ropa,462.81
0000000903,Producto_903,Abarrotes,406.51
0000000904,Producto_904,Salud,191.56
0000000905,Producto_905,Salud,172.88
0000000906,Producto_906,Abarrotes,189.15
0000000907,Producto_907,Salud,75.65
0000000908,Producto_908,Abarrotes,270.46
0000000909,Producto_909,Electrónica,192.49
0000000910,Producto_910,Salud,260.58
0000000911,Producto_911,Hogar,85.53
0000000912,Producto_912,Electrónica,299.1
0000000913,Producto_913,Hogar,185.36
0000000914,Producto_914,Hogar,245.93
0000000915,Producto_915,Ropa,483.49
0000000916,Producto_916,Ropa,199.04
0000000917,Producto_917,Ropa,262.21
0000000918,Producto_918,Hogar,439.46
0000000919,Producto_919,Salud,380.74
0000000920,Producto_920,Abarrotes,479.4
0000000921,Producto_921,Ropa,356.98
0000000922,Producto_922,Ropa,329.52
0000000923,Producto_923,Electrónica,16.94
0000000924,Producto_924,Salud,398.51
0000000925,Producto_925,Abarrotes,87.4
0000000926,Producto_926,Abarrotes,115.49
0000000928,Producto_928,Abarrotes,197.55
0000000929,Producto_929,Abarrotes,397.89
0000000930,Producto_930,Abarrotes,8.44
0000000240,Producto_931,Ropa,2595.85
0000000932,Producto_932,Abarrotes,11.59
0000000933,Producto_933,Salud,256.79
0000000934,Producto_934,Abarrotes,35.31
0000000935,Producto_935,Ropa,247.42
0000000936,Producto_936,Ropa,137.58
0000000937,Producto_937,Hogar,331.2
0000000938,Producto_938,Abarrotes,122.48
0000000939,Producto_939,Salud,123.27
0000000940,Producto_940,Hogar,167.44
0000000942,Producto_942,Abarrotes,266.38
0000000943,Producto_943,Hogar,234.77
0000000944,Producto_944,Salud,369.78
0000000945,Producto_945,Salud,392.58
0000000946,Producto_946,Salud,225.24
0000000947,Producto_947,Salud,146.63
0000000948,Producto_948,Ropa,153.2
0000000949,Producto_949,Abarrotes,402.02
0000000950,Producto_950,Salud,44.95
0000000951,Producto_951,Hogar,346.38
0000000952,Producto_952,Hogar,255.26
0000000953,Producto_953,Abarrotes,7.77
0000000954,Producto_954,Abarrotes,99.83
0000000955,Producto_955,Electrónica,278.87
0000000956,Producto_956,Hogar,248.23
0000000957,Producto_957,Hogar,163.43
0000000958,Producto_958,Ropa,384.54
0000000959,Producto_959,Electrónica,147.24
0000000960,Producto_960,Electrónica,239.09
0000000961,Producto_961,Electrónica,259.06
0000000962,Producto_962,Salud,46.04
0000000963,Producto_963,Ropa,305.43
0000000964,Producto_964,Hogar,63.24
0000000965,Producto_965,Salud,277.09
0000000966,Producto_966,Electrónica,390.72
0000000967,Producto_967,Abarrotes,139.34
0000000968,Producto_968,Hogar,211.9
0000000969,Producto_969,Salud,174.08
0000000970,Producto_970,Electrónica,424.47
0000000971,Producto_971,Abarrotes,195.0
0000000972,Producto_972,Electrónica,156.81
0000000973,Producto_973,Ropa,132.35
0000000974,Producto_974,Abarrotes,388.05
0000000975,Producto_975,Salud,187.25
0000000976,Producto_976,Ropa,443.47
0000000977,Producto_977,Hogar,86.12
0000000978,Producto_978,Abarrotes,443.18
0000000979,Producto_979,Electrónica,230.95
0000000980,Producto_980,Abarrotes,73.46
0000000981,Producto_981,Electrónica,56.51
0000000982,Producto_982,Abarrotes,253.32
0000000983,Producto_983,Salud,324.98
0000000984,Producto_984,Abarrotes,453.31
0000000985,Producto_985,Salud,397.96
0000000986,Producto_986,Ropa,433.35
0000000987,Producto_987,Salud,156.07
0000000988,Producto_988,Electrónica,6.47
0000000989,Producto_989,Abarrotes,171.99
0000000990,Producto_990,Ropa,67.19
0000000991,Producto_991,Ropa,291.31
0000000992,Producto_992,Hogar,319.41
0000000993,Producto_993,Hogar,109.74
0000000994,Producto_994,Hogar,236.2
0000000995,Producto_995,Abarrotes,290.8
0000000996,Producto_996,Hogar,403.24
0000000997,Producto_997,Hogar,259.81
0000000998,Producto_998,Electrónica,404.36
0000000999,Producto_999,Ropa,115.24
